{"cameraMode":{"drawMode":0,"name":"Shaded","section":"Shading Mode"},"sceneLighting":false,"audioPlay":false,"sceneViewState":{"showFog":true,"showMaterialUpdate":false,"showSkybox":false,"showFlares":true,"showImageEffects":true,"showParticleSystems":true},"in2DMode":false,"pivot":{"x":4.388840675354004,"y":-0.144120454788208,"z":1.58406662940979},"rotation":{"x":-0.219548761844635,"y":0.019908450543880464,"z":-0.0044824774377048019,"w":-0.9753930568695068},"size":6.327395439147949,"orthographic":false}