{"cameraMode":{"drawMode":0,"name":"Shaded","section":"Shading Mode"},"sceneLighting":true,"audioPlay":false,"sceneViewState":{"showFog":true,"showMaterialUpdate":false,"showSkybox":true,"showFlares":true,"showImageEffects":true,"showParticleSystems":true},"in2DMode":false,"pivot":{"x":-3.363828659057617,"y":7.345028877258301,"z":-3.1548728942871095},"rotation":{"x":0.03533614054322243,"y":-0.05543740466237068,"z":0.0019638773519545795,"w":0.9978371262550354},"size":26.67906951904297,"orthographic":false}